#x,#y,,,#V_Dexter
0,0,0.164234,0.033491,0.130743
0,0.1,0.162978,0.033389,0.129589
0,0.2,0.15925,0.03307,0.12618
0,0.3,0.153189,0.032519,0.120671
0,0.4,0.145006,0.0317,0.113306
0,0.5,0.134975,0.03058,0.104395
0,0.6,0.123446,0.02916,0.094286
0,0.7,0.110774,0.027368,0.083406
0,0.8,0.097414,0.025241,0.072173
0,0.9,0.083805,0.022805,0.061
0,1,0.070362,0.020119,0.050243
0,1.1,0.057444,0.017249,0.040195
0,1.2,0.045345,0.014266,0.031078
0,1.3,0.034291,0.011257,0.023034
0,1.4,0.024425,0.008306,0.016119
0,1.5,0.015818,0.005501,0.010317
0,1.6,0.008467,0.002929,0.005539
0,1.7,0.002305,0.000646,0.001659
0,1.8,0.002775,0.0013,0.001475
0,1.9,0.006898,0.002898,0.004001
0,2,0.010197,0.004163,0.006034
0,2.1,0.012798,0.005128,0.00767
0,2.2,0.014817,0.005839,0.008978
0,2.3,0.016353,0.006341,0.010013
0,2.4,0.017492,0.006675,0.010816
0,2.5,0.018297,0.006876,0.011421
0,2.6,0.018821,0.006976,0.011845
0,2.7,0.019099,0.00699,0.012109
0,2.8,0.019158,0.006937,0.012221
0,2.9,0.019021,0.00683,0.012191
0,3,0.018704,0.006672,0.012031
0,3.1,0.018218,0.006476,0.011742
0,3.2,0.01758,0.00624,0.01134
0,3.3,0.016816,0.005981,0.010835
0,3.4,0.015932,0.005684,0.010247
0,3.5,0.014959,0.005367,0.009592
0,3.6,0.013922,0.005034,0.008888
0,3.7,0.012844,0.004686,0.008158
0,3.8,0.011745,0.004329,0.007416
0,3.9,0.010648,0.003968,0.00668
0,4,0.00957,0.003605,0.005965
0.1,0,0.16246,0.033336,0.129124
0.1,0.1,0.161212,0.03323,0.127982
0.1,0.2,0.157516,0.032909,0.124607
0.1,0.3,0.151505,0.032348,0.119157
0.1,0.4,0.143391,0.031517,0.111874
0.1,0.5,0.133449,0.030388,0.10306
0.1,0.6,0.122025,0.02896,0.093065
0.1,0.7,0.109476,0.027163,0.082313
0.1,0.8,0.096252,0.025038,0.071214
0.1,0.9,0.082786,0.022607,0.060179
0.1,1,0.069491,0.019936,0.049556
0.1,1.1,0.056718,0.017081,0.039637
0.1,1.2,0.04476,0.014118,0.030641
0.1,1.3,0.033839,0.011133,0.022706
0.1,1.4,0.024098,0.00821,0.015889
0.1,1.5,0.015604,0.005435,0.010169
0.1,1.6,0.008351,0.002888,0.005463
0.1,1.7,0.002272,0.000633,0.001639
0.1,1.8,0.002736,0.001289,0.001447
0.1,1.9,0.006798,0.002865,0.003933
0.1,2,0.010046,0.00411,0.005936
0.1,2.1,0.012605,0.005062,0.007543
0.1,2.2,0.014589,0.00576,0.00883
0.1,2.3,0.016098,0.006254,0.009845
0.1,2.4,0.017215,0.00658,0.010635
0.1,2.5,0.018006,0.00678,0.011226
0.1,2.6,0.018521,0.006877,0.011643
0.1,2.7,0.018795,0.006893,0.011903
0.1,2.8,0.018856,0.006841,0.012015
0.1,2.9,0.018724,0.006734,0.01199
0.1,3,0.018415,0.006583,0.011833
0.1,3.1,0.017942,0.006389,0.011553
0.1,3.2,0.017318,0.006159,0.011159
0.1,3.3,0.01657,0.005903,0.010668
0.1,3.4,0.015704,0.005614,0.01009
0.1,3.5,0.014751,0.005302,0.009449
0.1,3.6,0.013733,0.004974,0.008759
0.1,3.7,0.012672,0.004631,0.008041
0.1,3.8,0.011591,0.004278,0.007313
0.1,3.9,0.01051,0.003922,0.006588
0.1,4,0.009449,0.003564,0.005885
0.2,0,0.1572,0.032846,0.124354
0.2,0.1,0.155982,0.032737,0.123245
0.2,0.2,0.152374,0.032398,0.119977
0.2,0.3,0.146512,0.031813,0.1147
0.2,0.4,0.138605,0.030958,0.107648
0.2,0.5,0.128927,0.029801,0.099125
0.2,0.6,0.117819,0.028351,0.089469
0.2,0.7,0.105637,0.026546,0.079091
0.2,0.8,0.092813,0.024425,0.068388
0.2,0.9,0.079771,0.022015,0.057756
0.2,1,0.066911,0.019378,0.047533
0.2,1.1,0.05457,0.016573,0.037997
0.2,1.2,0.043029,0.013674,0.029356
0.2,1.3,0.032503,0.01076,0.021743
0.2,1.4,0.023129,0.007918,0.015211
0.2,1.5,0.014965,0.005229,0.009736
0.2,1.6,0.008001,0.002768,0.005233
0.2,1.7,0.002172,0.000593,0.001578
0.2,1.8,0.002622,0.001252,0.00137
0.2,1.9,0.006503,0.002764,0.003739
0.2,2,0.009599,0.003957,0.005642
0.2,2.1,0.012033,0.004863,0.00717
0.2,2.2,0.013916,0.005527,0.008389
0.2,2.3,0.015344,0.005995,0.009349
0.2,2.4,0.016399,0.006304,0.010095
0.2,2.5,0.017146,0.006492,0.010654
0.2,2.6,0.017635,0.006583,0.011052
0.2,2.7,0.0179,0.006601,0.011299
0.2,2.8,0.017965,0.006554,0.01141
0.2,2.9,0.017848,0.006454,0.011394
0.2,3,0.017564,0.006313,0.011251
0.2,3.1,0.017125,0.00613,0.010995
0.2,3.2,0.016543,0.005913,0.01063
0.2,3.3,0.015844,0.005675,0.01017
0.2,3.4,0.015031,0.005402,0.009628
0.2,3.5,0.014132,0.005108,0.009024
0.2,3.6,0.013169,0.004796,0.008373
0.2,3.7,0.012162,0.004468,0.007694
0.2,3.8,0.011134,0.004131,0.007003
0.2,3.9,0.010103,0.003788,0.006315
0.2,4,0.00909,0.003446,0.005645
0.3,0,0.148636,0.031963,0.116674
0.3,0.1,0.147468,0.031844,0.115624
0.3,0.2,0.144008,0.031484,0.112524
0.3,0.3,0.138392,0.030869,0.107524
0.3,0.4,0.13083,0.029975,0.100855
0.3,0.5,0.121589,0.028786,0.092803
0.3,0.6,0.111003,0.027308,0.083695
0.3,0.7,0.099417,0.025498,0.073919
0.3,0.8,0.087246,0.023392,0.063854
0.3,0.9,0.074892,0.021024,0.053869
0.3,1,0.062735,0.018451,0.044284
0.3,1.1,0.051092,0.015733,0.035359
0.3,1.2,0.040228,0.012941,0.027287
0.3,1.3,0.03034,0.010148,0.020192
0.3,1.4,0.021553,0.00744,0.014113
0.3,1.5,0.013919,0.00489,0.009029
0.3,1.6,0.007424,0.00257,0.004854
0.3,1.7,0.002002,0.000531,0.001471
0.3,1.8,0.002442,0.001192,0.00125
0.3,1.9,0.006028,0.002597,0.003431
0.3,2,0.008877,0.0037,0.005177
0.3,2.1,0.011107,0.004535,0.006572
0.3,2.2,0.012826,0.005145,0.007681
0.3,2.3,0.014125,0.00557,0.008555
0.3,2.4,0.015083,0.005849,0.009234
0.3,2.5,0.015763,0.006021,0.009742
0.3,2.6,0.016212,0.006106,0.010106
0.3,2.7,0.016461,0.006122,0.01034
0.3,2.8,0.016532,0.006083,0.01045
0.3,2.9,0.01644,0.005998,0.010442
0.3,3,0.016197,0.005872,0.010325
0.3,3.1,0.015813,0.005711,0.010103
0.3,3.2,0.015299,0.005518,0.009781
0.3,3.3,0.014676,0.005303,0.009373
0.3,3.4,0.013946,0.005057,0.008889
0.3,3.5,0.013134,0.00479,0.008343
0.3,3.6,0.012258,0.004504,0.007755
0.3,3.7,0.011339,0.004204,0.007135
0.3,3.8,0.010396,0.003891,0.006504
0.3,3.9,0.009447,0.003572,0.005875
0.3,4,0.008511,0.00325,0.00526
0.4,0,0.137069,0.030597,0.106472
0.4,0.1,0.135972,0.030473,0.105499
0.4,0.2,0.132724,0.030092,0.102632
0.4,0.3,0.127458,0.029448,0.09801
0.4,0.4,0.120375,0.028524,0.091851
0.4,0.5,0.111745,0.027323,0.084422
0.4,0.6,0.10186,0.02581,0.07605
0.4,0.7,0.091082,0.024008,0.067074
0.4,0.8,0.079791,0.021941,0.05785
0.4,0.9,0.068362,0.01964,0.048722
0.4,1,0.057146,0.017165,0.039981
0.4,1.1,0.046439,0.014573,0.031866
0.4,1.2,0.036479,0.011929,0.024549
0.4,1.3,0.027442,0.00931,0.018132
0.4,1.4,0.019438,0.006786,0.012652
0.4,1.5,0.012511,0.004431,0.00808
0.4,1.6,0.006643,0.002304,0.004339
0.4,1.7,0.001768,0.000449,0.00132
0.4,1.8,0.002208,0.001107,0.001101
0.4,1.9,0.005397,0.002367,0.003029
0.4,2,0.007914,0.003347,0.004566
0.4,2.1,0.009871,0.004083,0.005788
0.4,2.2,0.01137,0.004617,0.006754
0.4,2.3,0.0125,0.004987,0.007513
0.4,2.4,0.013332,0.005232,0.0081
0.4,2.5,0.013926,0.00538,0.008546
0.4,2.6,0.014324,0.005457,0.008867
0.4,2.7,0.014553,0.005474,0.009079
0.4,2.8,0.014632,0.005446,0.009186
0.4,2.9,0.014573,0.005378,0.009195
0.4,3,0.014386,0.005276,0.00911
0.4,3.1,0.014075,0.005142,0.008934
0.4,3.2,0.01365,0.004981,0.008669
0.4,3.3,0.013127,0.004799,0.008327
0.4,3.4,0.012505,0.004588,0.007917
0.4,3.5,0.011806,0.004358,0.007449
0.4,3.6,0.011047,0.004107,0.00694
0.4,3.7,0.010243,0.003843,0.006401
0.4,3.8,0.009413,0.003564,0.005849
0.4,3.9,0.008573,0.003277,0.005296
0.4,4,0.00774,0.002989,0.004751
0.5,0,0.122946,0.02868,0.094266
0.5,0.1,0.121942,0.028551,0.093391
0.5,0.2,0.118971,0.028162,0.090809
0.5,0.3,0.114151,0.0275,0.086651
0.5,0.4,0.107673,0.02656,0.081113
0.5,0.5,0.09979,0.025348,0.074442
0.5,0.6,0.090785,0.023845,0.06694
0.5,0.7,0.080998,0.022077,0.05892
0.5,0.8,0.070781,0.020076,0.050705
0.5,0.9,0.060475,0.017876,0.042599
0.5,1,0.050401,0.015538,0.034863
0.5,1.1,0.040823,0.013112,0.027711
0.5,1.2,0.031954,0.010666,0.021288
0.5,1.3,0.023945,0.008266,0.015679
0.5,1.4,0.016885,0.005979,0.010906
0.5,1.5,0.01081,0.003868,0.006942
0.5,1.6,0.005697,0.00198,0.003717
0.5,1.7,0.001482,0.000356,0.001126
0.5,1.8,0.001929,0.000996,0.000933
0.5,1.9,0.004639,0.002074,0.002564
0.5,2,0.006756,0.002904,0.003852
0.5,2.1,0.008384,0.003521,0.004863
0.5,2.2,0.00962,0.003962,0.005658
0.5,2.3,0.010547,0.004266,0.006281
0.5,2.4,0.011231,0.004467,0.006764
0.5,2.5,0.011723,0.00459,0.007133
0.5,2.6,0.012061,0.004656,0.007406
0.5,2.7,0.012267,0.004677,0.00759
0.5,2.8,0.012357,0.004661,0.007696
0.5,2.9,0.012339,0.004616,0.007723
0.5,3,0.012218,0.004544,0.007674
0.5,3.1,0.011997,0.004445,0.007552
0.5,3.2,0.011677,0.004322,0.007355
0.5,3.3,0.011272,0.00418,0.007093
0.5,3.4,0.01078,0.004012,0.006768
0.5,3.5,0.010217,0.003824,0.006393
0.5,3.6,0.009595,0.003617,0.005979
0.5,3.7,0.00893,0.003396,0.005534
0.5,3.8,0.008234,0.003161,0.005073
0.5,3.9,0.007524,0.002915,0.00461
0.5,4,0.006815,0.002665,0.00415
0.6,0,0.106882,0.026187,0.080695
0.6,0.1,0.105987,0.026057,0.07993
0.6,0.2,0.103339,0.025665,0.077674
0.6,0.3,0.099042,0.025007,0.074035
0.6,0.4,0.09327,0.024073,0.069197
0.6,0.5,0.086258,0.02288,0.063378
0.6,0.6,0.07827,0.021418,0.056852
0.6,0.7,0.06962,0.019722,0.049898
0.6,0.8,0.060628,0.017825,0.042803
0.6,0.9,0.051598,0.015766,0.035832
0.6,1,0.042815,0.013604,0.029211
0.6,1.1,0.03451,0.01139,0.023121
0.6,1.2,0.026869,0.009186,0.017683
0.6,1.3,0.020015,0.007052,0.012962
0.6,1.4,0.014018,0.005046,0.008972
0.6,1.5,0.008901,0.003221,0.00568
0.6,1.6,0.004637,0.001617,0.00302
0.6,1.7,0.001161,0.000256,0.000905
0.6,1.8,0.001615,0.000855,0.00076
0.6,1.9,0.003787,0.001728,0.002059
0.6,2,0.005455,0.002387,0.003068
0.6,2.1,0.006717,0.002867,0.00385
0.6,2.2,0.00766,0.003204,0.004456
0.6,2.3,0.00836,0.003432,0.004928
0.6,2.4,0.008879,0.003585,0.005294
0.6,2.5,0.009259,0.003682,0.005578
0.6,2.6,0.009531,0.003734,0.005797
0.6,2.7,0.009714,0.00376,0.005954
0.6,2.8,0.009817,0.003761,0.006056
0.6,2.9,0.009846,0.00374,0.006106
0.6,3,0.009801,0.003701,0.0061
0.6,3.1,0.009679,0.003642,0.006037
0.6,3.2,0.009478,0.003563,0.005915
0.6,3.3,0.009207,0.003468,0.005738
0.6,3.4,0.008858,0.003348,0.00551
0.6,3.5,0.008445,0.003209,0.005236
0.6,3.6,0.007977,0.003054,0.004923
0.6,3.7,0.007464,0.002881,0.004583
0.6,3.8,0.006918,0.002694,0.004223
0.6,3.9,0.006352,0.002498,0.003854
0.6,4,0.005779,0.002294,0.003485
0.7,0,0.089613,0.023142,0.066472
0.7,0.1,0.088837,0.023016,0.065821
0.7,0.2,0.086537,0.022631,0.063906
0.7,0.3,0.082811,0.02199,0.06082
0.7,0.4,0.077817,0.021098,0.056719
0.7,0.5,0.071758,0.019948,0.051809
0.7,0.6,0.064886,0.01857,0.046316
0.7,0.7,0.057476,0.016988,0.040488
0.7,0.8,0.04981,0.015238,0.034573
0.7,0.9,0.042153,0.013361,0.028792
0.7,1,0.034754,0.011419,0.023335
0.7,1.1,0.027809,0.009459,0.01835
0.7,1.2,0.021473,0.007539,0.013935
0.7,1.3,0.015847,0.005713,0.010134
0.7,1.4,0.010981,0.004027,0.006954
0.7,1.5,0.006882,0.002525,0.004357
0.7,1.6,0.003519,0.001231,0.002289
0.7,1.7,0.000829,0.000162,0.000667
0.7,1.8,0.001272,0.000689,0.000583
0.7,1.9,0.002873,0.001337,0.001536
0.7,2,0.004067,0.001811,0.002256
0.7,2.1,0.004941,0.002143,0.002799
0.7,2.2,0.005577,0.002369,0.003208
0.7,2.3,0.006042,0.00252,0.003522
0.7,2.4,0.006387,0.002619,0.003767
0.7,2.5,0.00665,0.002686,0.003963
0.7,2.6,0.006854,0.002729,0.004125
0.7,2.7,0.007014,0.002759,0.004255
0.7,2.8,0.007135,0.002777,0.004358
0.7,2.9,0.007215,0.002786,0.004429
0.7,3,0.007251,0.002782,0.004469
0.7,3.1,0.007235,0.002768,0.004467
0.7,3.2,0.007161,0.002736,0.004424
0.7,3.3,0.007029,0.002692,0.004338
0.7,3.4,0.006833,0.002625,0.004208
0.7,3.5,0.006578,0.002542,0.004036
0.7,3.6,0.00627,0.002439,0.003831
0.7,3.7,0.005916,0.00232,0.003596
0.7,3.8,0.005527,0.002187,0.003339
0.7,3.9,0.005112,0.00204,0.003071
0.7,4,0.004682,0.001887,0.002795
0.8,0,0.071921,0.019619,0.052302
0.8,0.1,0.071266,0.019498,0.051768
0.8,0.2,0.069331,0.019136,0.050195
0.8,0.3,0.066205,0.018539,0.047666
0.8,0.4,0.062016,0.017697,0.044319
0.8,0.5,0.056959,0.016636,0.040323
0.8,0.6,0.051251,0.015377,0.035875
0.8,0.7,0.04513,0.013948,0.031182
0.8,0.8,0.038835,0.01239,0.026445
0.8,0.9,0.03259,0.010741,0.021849
0.8,1,0.026606,0.009058,0.017548
0.8,1.1,0.021047,0.007393,0.013654
0.8,1.2,0.016037,0.00579,0.010247
0.8,1.3,0.011654,0.004304,0.007349
0.8,1.4,0.00793,0.002965,0.004965
0.8,1.5,0.004861,0.001808,0.003053
0.8,1.6,0.00241,0.000846,0.001564
0.8,1.7,0.000514,0.000082,0.000432
0.8,1.8,0.000905,0.000497,0.000408
0.8,1.9,0.00193,0.000914,0.001016
0.8,2,0.002647,0.001197,0.001449
0.8,2.1,0.003134,0.001383,0.001751
0.8,2.2,0.003463,0.001497,0.001966
0.8,2.3,0.003692,0.001568,0.002125
0.8,2.4,0.003866,0.001616,0.00225
0.8,2.5,0.004014,0.001651,0.002363
0.8,2.6,0.004155,0.001685,0.00247
0.8,2.7,0.004295,0.00172,0.002575
0.8,2.8,0.004436,0.001756,0.00268
0.8,2.9,0.004571,0.001796,0.002776
0.8,3,0.00469,0.001829,0.002861
0.8,3.1,0.004781,0.00186,0.002921
0.8,3.2,0.004833,0.001877,0.002956
0.8,3.3,0.004841,0.001885,0.002956
0.8,3.4,0.004796,0.001873,0.002923
0.8,3.5,0.004698,0.001846,0.002852
0.8,3.6,0.00455,0.001799,0.002751
0.8,3.7,0.004355,0.001735,0.002621
0.8,3.8,0.004122,0.001657,0.002465
0.8,3.9,0.003857,0.001564,0.002294
0.8,4,0.003571,0.001461,0.00211
0.9,0,0.05459,0.015746,0.038843
0.9,0.1,0.054059,0.015635,0.038424
0.9,0.2,0.052493,0.015305,0.037188
0.9,0.3,0.049964,0.014758,0.035206
0.9,0.4,0.046593,0.014003,0.03259
0.9,0.5,0.042544,0.013064,0.02948
0.9,0.6,0.037997,0.011961,0.026037
0.9,0.7,0.033152,0.010724,0.022427
0.9,0.8,0.028202,0.009387,0.018815
0.9,0.9,0.023349,0.008005,0.015344
0.9,1,0.018752,0.006619,0.012133
0.9,1.1,0.014545,0.005277,0.009268
0.9,1.2,0.010824,0.004022,0.006802
0.9,1.3,0.007645,0.002892,0.004753
0.9,1.4,0.005026,0.001917,0.003109
0.9,1.5,0.002951,0.001114,0.001837
0.9,1.6,0.001379,0.000487,0.000892
0.9,1.7,0.000247,0.000026,0.000221
0.9,1.8,0.000517,0.000287,0.00023
0.9,1.9,0.00099,0.000479,0.00051
0.9,2,0.001249,0.00058,0.00067
0.9,2.1,0.001367,0.000621,0.000746
0.9,2.2,0.001405,0.000629,0.000776
0.9,2.3,0.001412,0.000622,0.00079
0.9,2.4,0.001426,0.00062,0.000806
0.9,2.5,0.001469,0.000628,0.000841
0.9,2.6,0.001553,0.000653,0.0009
0.9,2.7,0.00168,0.000694,0.000986
0.9,2.8,0.001844,0.000751,0.001093
0.9,2.9,0.002033,0.000817,0.001216
0.9,3,0.002232,0.000889,0.001343
0.9,3.1,0.002425,0.00096,0.001465
0.9,3.2,0.002596,0.001026,0.001571
0.9,3.3,0.002737,0.001082,0.001655
0.9,3.4,0.002834,0.001124,0.00171
0.9,3.5,0.002885,0.001149,0.001735
0.9,3.6,0.002888,0.001159,0.001728
0.9,3.7,0.002845,0.001148,0.001696
0.9,3.8,0.00276,0.001125,0.001635
0.9,3.9,0.00264,0.001085,0.001556
0.9,4,0.002492,0.001032,0.001459
1,0,0.038353,0.011672,0.026681
1,0.1,0.037945,0.011577,0.026368
1,0.2,0.036741,0.011292,0.025449
1,0.3,0.034801,0.010825,0.023976
1,0.4,0.032224,0.010184,0.02204
1,0.5,0.029142,0.009394,0.019748
1,0.6,0.025703,0.008475,0.017228
1,0.7,0.022068,0.00746,0.014608
1,0.8,0.018393,0.006379,0.012014
1,0.9,0.014844,0.005286,0.009559
1,1,0.011545,0.004219,0.007326
1,1.1,0.008599,0.00322,0.005379
1,1.2,0.006076,0.002324,0.003751
1,1.3,0.004013,0.001559,0.002453
1,1.4,0.002413,0.000945,0.001468
1,1.5,0.001253,0.000486,0.000766
1,1.6,0.000487,0.000177,0.00031
1,1.7,0.000056,0.000003,0.000053
1,1.8,0.000109,0.000064,0.000045
1,1.9,0.00008,0.00005,0.00003
1,2,0.000074,0.000015,0.000059
1,2.1,0.00029,0.000104,0.000186
1,2.2,0.000514,0.000195,0.000319
1,2.3,0.000704,0.000269,0.000435
1,2.4,0.000831,0.000316,0.000514
1,2.5,0.000877,0.000331,0.000546
1,2.6,0.000839,0.000315,0.000523
1,2.7,0.00072,0.000267,0.000453
1,2.8,0.000532,0.000195,0.000337
1,2.9,0.000293,0.000101,0.000192
1,3,0.000021,0.000002,0.000023
1,3.1,0.000264,0.000112,0.000152
1,3.2,0.000543,0.00022,0.000323
1,3.3,0.000802,0.000322,0.000481
1,3.4,0.001027,0.000411,0.000616
1,3.5,0.001211,0.000487,0.000725
1,3.6,0.001351,0.000547,0.000804
1,3.7,0.001446,0.000589,0.000857
1,3.8,0.001497,0.000614,0.000883
1,3.9,0.001508,0.000625,0.000884
1,4,0.001486,0.00062,0.000866
1.1,0,0.023869,0.007624,0.016245
1.1,0.1,0.023574,0.007546,0.016028
1.1,0.2,0.022706,0.007318,0.015388
1.1,0.3,0.02131,0.006944,0.014366
1.1,0.4,0.019465,0.006436,0.013029
1.1,0.5,0.01727,0.005814,0.011456
1.1,0.6,0.01484,0.0051,0.00974
1.1,0.7,0.012304,0.004326,0.007978
1.1,0.8,0.009784,0.003521,0.006263
1.1,0.9,0.007409,0.002735,0.004674
1.1,1,0.005271,0.001995,0.003276
1.1,1.1,0.003447,0.00134,0.002107
1.1,1.2,0.001986,0.000796,0.00119
1.1,1.3,0.000909,0.000382,0.000526
1.1,1.4,0.000205,0.000104,0.000101
1.1,1.5,0.000154,0.000038,0.000116
1.1,1.6,0.000216,0.00006,0.000156
1.1,1.7,0.000039,0.000015,0.000054
1.1,1.8,0.000311,0.000164,0.000147
1.1,1.9,0.000771,0.000353,0.000418
1.1,2,0.001277,0.000559,0.000719
1.1,2.1,0.001775,0.000758,0.001017
1.1,2.2,0.002217,0.000928,0.001289
1.1,2.3,0.002569,0.001058,0.00151
1.1,2.4,0.002809,0.001144,0.001665
1.1,2.5,0.002926,0.001181,0.001745
1.1,2.6,0.002922,0.001169,0.001753
1.1,2.7,0.002807,0.001117,0.00169
1.1,2.8,0.002597,0.00103,0.001567
1.1,2.9,0.002313,0.000916,0.001397
1.1,3,0.001979,0.000784,0.001195
1.1,3.1,0.001617,0.000643,0.000974
1.1,3.2,0.001248,0.0005,0.000748
1.1,3.3,0.000889,0.000359,0.000529
1.1,3.4,0.000556,0.000229,0.000327
1.1,3.5,0.000258,0.000111,0.000147
1.1,3.6,0.000002,0.000006,0.000005
1.1,3.7,0.00021,0.00008,0.00013
1.1,3.8,0.000377,0.000151,0.000226
1.1,3.9,0.000503,0.000203,0.000299
1.1,4,0.000589,0.000243,0.000346
1.2,0,0.011607,0.003841,0.007766
1.2,0.1,0.011411,0.003784,0.007627
1.2,0.2,0.010835,0.003615,0.007219
1.2,0.3,0.009914,0.003342,0.006572
1.2,0.4,0.008706,0.002975,0.005731
1.2,0.5,0.007283,0.002531,0.004752
1.2,0.6,0.005733,0.002035,0.003699
1.2,0.7,0.004152,0.00151,0.002642
1.2,0.8,0.00263,0.000985,0.001644
1.2,0.9,0.001264,0.000499,0.000764
1.2,1,0.000119,0.000079,0.00004
1.2,1.1,0.00075,0.000251,0.000498
1.2,1.2,0.001312,0.00047,0.000842
1.2,1.3,0.001563,0.000572,0.000991
1.2,1.4,0.001519,0.000553,0.000965
1.2,1.5,0.001215,0.000427,0.000789
1.2,1.6,0.0007,0.000211,0.000489
1.2,1.7,0.00003,0.000067,0.000097
1.2,1.8,0.000736,0.000385,0.000351
1.2,1.9,0.001537,0.000712,0.000825
1.2,2,0.002318,0.001028,0.001291
1.2,2.1,0.003031,0.001307,0.001724
1.2,2.2,0.003637,0.001536,0.002101
1.2,2.3,0.004109,0.00171,0.002399
1.2,2.4,0.00443,0.001821,0.002609
1.2,2.5,0.004598,0.001872,0.002725
1.2,2.6,0.004616,0.001867,0.002749
1.2,2.7,0.004501,0.001812,0.002689
1.2,2.8,0.004272,0.001715,0.002557
1.2,2.9,0.003954,0.001585,0.00237
1.2,3,0.003572,0.001433,0.00214
1.2,3.1,0.00315,0.001269,0.001881
1.2,3.2,0.002712,0.001098,0.001614
1.2,3.3,0.002276,0.000928,0.001348
1.2,3.4,0.00186,0.000767,0.001093
1.2,3.5,0.001473,0.000615,0.000859
1.2,3.6,0.001126,0.000477,0.000649
1.2,3.7,0.000821,0.000355,0.000466
1.2,3.8,0.000561,0.000246,0.000314
1.2,3.9,0.000344,0.000158,0.000187
1.2,4,0.00017,0.000084,0.000085
1.3,0,0.001816,0.000567,0.001248
1.3,0.1,0.001701,0.000532,0.001169
1.3,0.2,0.001365,0.000422,0.000944
1.3,0.3,0.000838,0.000249,0.000589
1.3,0.4,0.000158,0.000021,0.000137
1.3,0.5,0.000623,0.000246,0.000378
1.3,0.6,0.001444,0.000534,0.00091
1.3,0.7,0.00224,0.000819,0.001421
1.3,0.8,0.002935,0.001077,0.001857
1.3,0.9,0.003473,0.001284,0.002189
1.3,1,0.003807,0.001419,0.002388
1.3,1.1,0.003904,0.001464,0.002439
1.3,1.2,0.003747,0.00141,0.002338
1.3,1.3,0.003343,0.001251,0.002092
1.3,1.4,0.002716,0.000998,0.001718
1.3,1.5,0.001904,0.000665,0.001238
1.3,1.6,0.000953,0.000273,0.00068
1.3,1.7,0.000082,0.000154,0.000072
1.3,1.8,0.001148,0.000589,0.000558
1.3,1.9,0.002189,0.001011,0.001178
1.3,2,0.003157,0.001395,0.001763
1.3,2.1,0.004012,0.001727,0.002285
1.3,2.2,0.004722,0.001996,0.002726
1.3,2.3,0.005267,0.002194,0.003072
1.3,2.4,0.005636,0.002321,0.003315
1.3,2.5,0.005831,0.002381,0.003449
1.3,2.6,0.005861,0.002377,0.003484
1.3,2.7,0.005744,0.002321,0.003423
1.3,2.8,0.005502,0.002218,0.003284
1.3,2.9,0.005161,0.002081,0.003081
1.3,3,0.004748,0.001916,0.002832
1.3,3.1,0.004287,0.001737,0.00255
1.3,3.2,0.003804,0.001551,0.002253
1.3,3.3,0.003318,0.001362,0.001956
1.3,3.4,0.002846,0.00118,0.001666
1.3,3.5,0.0024,0.001004,0.001396
1.3,3.6,0.001989,0.000844,0.001145
1.3,3.7,0.001619,0.000695,0.000924
1.3,3.8,0.001292,0.000561,0.000731
1.3,3.9,0.00101,0.000445,0.000565
1.3,4,0.000771,0.000345,0.000426
1.4,0,0.005441,0.001982,0.00346
1.4,0.1,0.005492,0.001999,0.003492
1.4,0.2,0.005635,0.002055,0.003581
1.4,0.3,0.005851,0.002135,0.003716
1.4,0.4,0.006113,0.002236,0.003877
1.4,0.5,0.006389,0.002346,0.004043
1.4,0.6,0.006636,0.002445,0.00419
1.4,0.7,0.006811,0.002522,0.004289
1.4,0.8,0.006864,0.002556,0.004308
1.4,0.9,0.006761,0.002529,0.004231
1.4,1,0.006474,0.002432,0.004042
1.4,1.1,0.005987,0.002253,0.003734
1.4,1.2,0.005298,0.00199,0.003308
1.4,1.3,0.00442,0.001642,0.002777
1.4,1.4,0.003381,0.001225,0.002156
1.4,1.5,0.00222,0.000754,0.001467
1.4,1.6,0.000984,0.000249,0.000735
1.4,1.7,0.000281,0.000264,0.000017
1.4,1.8,0.001524,0.000766,0.000758
1.4,1.9,0.002699,0.001235,0.001463
1.4,2,0.003763,0.001651,0.002112
1.4,2.1,0.004683,0.002004,0.002679
1.4,2.2,0.005435,0.002287,0.003148
1.4,2.3,0.006006,0.002494,0.003512
1.4,2.4,0.006389,0.002625,0.003764
1.4,2.5,0.00659,0.002687,0.003903
1.4,2.6,0.006621,0.002685,0.003936
1.4,2.7,0.0065,0.002628,0.003872
1.4,2.8,0.006252,0.002523,0.003729
1.4,2.9,0.005902,0.002384,0.003518
1.4,3,0.005477,0.002216,0.00326
1.4,3.1,0.005001,0.002033,0.002969
1.4,3.2,0.0045,0.001838,0.002662
1.4,3.3,0.003991,0.001642,0.002349
1.4,3.4,0.003495,0.001453,0.002042
1.4,3.5,0.003019,0.001267,0.001752
1.4,3.6,0.002575,0.001092,0.001483
1.4,3.7,0.002168,0.00093,0.001238
1.4,3.8,0.001803,0.000783,0.001021
1.4,3.9,0.001481,0.00065,0.000831
1.4,4,0.001201,0.000533,0.000668
1.5,0,0.010193,0.003664,0.006529
1.5,0.1,0.010196,0.003669,0.006526
1.5,0.2,0.010197,0.003679,0.006518
1.5,0.3,0.010182,0.003685,0.006497
1.5,0.4,0.010135,0.003684,0.006451
1.5,0.5,0.010038,0.003667,0.006372
1.5,0.6,0.009865,0.003622,0.006243
1.5,0.7,0.00959,0.003537,0.006053
1.5,0.8,0.009182,0.003404,0.005779
1.5,0.9,0.008626,0.003209,0.005417
1.5,1,0.007909,0.002948,0.004962
1.5,1.1,0.00703,0.002618,0.004412
1.5,1.2,0.005994,0.002219,0.003776
1.5,1.3,0.004822,0.001758,0.003064
1.5,1.4,0.003543,0.001247,0.002296
1.5,1.5,0.002195,0.000707,0.001488
1.5,1.6,0.000819,0.000155,0.000664
1.5,1.7,0.00054,0.00039,0.000151
1.5,1.8,0.001842,0.000907,0.000935
1.5,1.9,0.003045,0.001379,0.001666
1.5,2,0.004115,0.001791,0.002324
1.5,2.1,0.005027,0.002138,0.002889
1.5,2.2,0.005763,0.00241,0.003352
1.5,2.3,0.006314,0.002609,0.003705
1.5,2.4,0.00668,0.002734,0.003946
1.5,2.5,0.006867,0.002792,0.004075
1.5,2.6,0.006889,0.002787,0.004101
1.5,2.7,0.006765,0.002729,0.004035
1.5,2.8,0.006518,0.002628,0.00389
1.5,2.9,0.006173,0.00249,0.003682
1.5,3,0.005755,0.002327,0.003429
1.5,3.1,0.005289,0.002148,0.003141
1.5,3.2,0.004796,0.001959,0.002838
1.5,3.3,0.004294,0.001767,0.002528
1.5,3.4,0.003802,0.00158,0.002222
1.5,3.5,0.003327,0.001397,0.00193
1.5,3.6,0.002879,0.001221,0.001658
1.5,3.7,0.002466,0.001055,0.00141
1.5,3.8,0.00209,0.000904,0.001186
1.5,3.9,0.001754,0.000767,0.000987
1.5,4,0.001458,0.000645,0.000813
1.6,0,0.012532,0.004444,0.008088
1.6,0.1,0.012503,0.004439,0.008063
1.6,0.2,0.012411,0.004416,0.007995
1.6,0.3,0.012247,0.004373,0.007874
1.6,0.4,0.012002,0.004303,0.007699
1.6,0.5,0.011667,0.004204,0.007462
1.6,0.6,0.011226,0.004061,0.007165
1.6,0.7,0.010668,0.003877,0.006791
1.6,0.8,0.00998,0.003642,0.006339
1.6,0.9,0.009158,0.003349,0.005809
1.6,1,0.008201,0.003001,0.0052
1.6,1.1,0.007115,0.002593,0.004522
1.6,1.2,0.005915,0.002133,0.003782
1.6,1.3,0.004621,0.001631,0.00299
1.6,1.4,0.003265,0.001099,0.002166
1.6,1.5,0.001879,0.000552,0.001328
1.6,1.6,0.000503,0.000009,0.000494
1.6,1.7,0.000827,0.000513,0.000315
1.6,1.8,0.002077,0.001002,0.001075
1.6,1.9,0.003213,0.001439,0.001773
1.6,2,0.004209,0.001818,0.002391
1.6,2.1,0.005047,0.002131,0.002916
1.6,2.2,0.005715,0.002374,0.003341
1.6,2.3,0.006208,0.002549,0.003659
1.6,2.4,0.006528,0.002657,0.003871
1.6,2.5,0.006683,0.002704,0.00398
1.6,2.6,0.006688,0.002696,0.003992
1.6,2.7,0.006561,0.002638,0.003923
1.6,2.8,0.006323,0.00254,0.003783
1.6,2.9,0.005997,0.002412,0.003586
1.6,3,0.005607,0.002261,0.003346
1.6,3.1,0.005172,0.002096,0.003076
1.6,3.2,0.004712,0.00192,0.002792
1.6,3.3,0.004244,0.001741,0.002503
1.6,3.4,0.00378,0.001564,0.002216
1.6,3.5,0.003336,0.001395,0.001941
1.6,3.6,0.002913,0.001229,0.001683
1.6,3.7,0.00252,0.001073,0.001447
1.6,3.8,0.00216,0.00093,0.00123
1.6,3.9,0.001836,0.000799,0.001037
1.6,4,0.001547,0.000679,0.000869
1.7,0,0.012643,0.004385,0.008258
1.7,0.1,0.012598,0.004371,0.008227
1.7,0.2,0.012462,0.004335,0.008128
1.7,0.3,0.012229,0.004267,0.007962
1.7,0.4,0.011893,0.004167,0.007726
1.7,0.5,0.01145,0.00403,0.007421
1.7,0.6,0.010893,0.003844,0.007049
1.7,0.7,0.01022,0.00362,0.0066
1.7,0.8,0.009426,0.003348,0.006078
1.7,0.9,0.008516,0.003027,0.005488
1.7,1,0.007496,0.002657,0.004839
1.7,1.1,0.006377,0.002245,0.004133
1.7,1.2,0.005177,0.001791,0.003386
1.7,1.3,0.00392,0.001312,0.002608
1.7,1.4,0.002632,0.000816,0.001815
1.7,1.5,0.001343,0.00032,0.001024
1.7,1.6,0.000086,0.000167,0.000254
1.7,1.7,0.001108,0.000626,0.000482
1.7,1.8,0.002212,0.001048,0.001164
1.7,1.9,0.003202,0.001422,0.001781
1.7,2,0.004058,0.001741,0.002318
1.7,2.1,0.004768,0.002001,0.002767
1.7,2.2,0.005324,0.002199,0.003125
1.7,2.3,0.005726,0.00234,0.003386
1.7,2.4,0.005978,0.002421,0.003557
1.7,2.5,0.006088,0.00245,0.003638
1.7,2.6,0.006069,0.002433,0.003636
1.7,2.7,0.00594,0.002376,0.003564
1.7,2.8,0.005718,0.002285,0.003434
1.7,2.9,0.005424,0.002171,0.003253
1.7,3,0.005075,0.002036,0.003039
1.7,3.1,0.00469,0.00189,0.0028
1.7,3.2,0.004285,0.001735,0.00255
1.7,3.3,0.003873,0.001579,0.002294
1.7,3.4,0.003467,0.001426,0.002041
1.7,3.5,0.003073,0.001275,0.001798
1.7,3.6,0.002699,0.001129,0.00157
1.7,3.7,0.002351,0.000994,0.001357
1.7,3.8,0.002032,0.000867,0.001164
1.7,3.9,0.001741,0.000751,0.000991
1.7,4,0.001481,0.000644,0.000837
1.8,0,0.010823,0.00362,0.007202
1.8,0.1,0.010779,0.003609,0.00717
1.8,0.2,0.010646,0.00357,0.007075
1.8,0.3,0.010418,0.003504,0.006914
1.8,0.4,0.010093,0.003405,0.006688
1.8,0.5,0.009666,0.003271,0.006395
1.8,0.6,0.009132,0.003093,0.00604
1.8,0.7,0.008495,0.002883,0.005612
1.8,0.8,0.007755,0.002633,0.005122
1.8,0.9,0.006916,0.002342,0.004574
1.8,1,0.005989,0.002012,0.003977
1.8,1.1,0.004988,0.00165,0.003338
1.8,1.2,0.003932,0.001261,0.002671
1.8,1.3,0.002843,0.000856,0.001987
1.8,1.4,0.001745,0.000445,0.0013
1.8,1.5,0.000663,0.000039,0.000624
1.8,1.6,0.000378,0.000353,0.000024
1.8,1.7,0.001352,0.000719,0.000634
1.8,1.8,0.00224,0.001049,0.00119
1.8,1.9,0.003023,0.001337,0.001686
1.8,2,0.003689,0.001577,0.002112
1.8,2.1,0.00423,0.00177,0.00246
1.8,2.2,0.004643,0.001911,0.002733
1.8,2.3,0.004931,0.002005,0.002925
1.8,2.4,0.005097,0.002054,0.003043
1.8,2.5,0.005151,0.002063,0.003088
1.8,2.6,0.005105,0.002035,0.003071
1.8,2.7,0.004975,0.001976,0.002999
1.8,2.8,0.004775,0.001894,0.002881
1.8,2.9,0.00452,0.001795,0.002726
1.8,3,0.004226,0.001681,0.002545
1.8,3.1,0.003905,0.001559,0.002346
1.8,3.2,0.00357,0.001431,0.002139
1.8,3.3,0.003232,0.001303,0.001929
1.8,3.4,0.0029,0.001179,0.001721
1.8,3.5,0.002579,0.001056,0.001523
1.8,3.6,0.002275,0.000939,0.001336
1.8,3.7,0.001991,0.000829,0.001162
1.8,3.8,0.00173,0.000726,0.001004
1.8,3.9,0.001492,0.000633,0.000859
1.8,4,0.001278,0.000548,0.000731
1.9,0,0.007468,0.002341,0.005127
1.9,0.1,0.00744,0.002333,0.005107
1.9,0.2,0.007351,0.002305,0.005046
1.9,0.3,0.007196,0.002258,0.004939
1.9,0.4,0.00697,0.002184,0.004785
1.9,0.5,0.006663,0.002083,0.00458
1.9,0.6,0.006275,0.001957,0.004318
1.9,0.7,0.005803,0.001803,0.004
1.9,0.8,0.005247,0.001618,0.003629
1.9,0.9,0.004612,0.001404,0.003208
1.9,1,0.003907,0.001162,0.002745
1.9,1.1,0.003145,0.000896,0.002249
1.9,1.2,0.002345,0.000611,0.001734
1.9,1.3,0.001526,0.000319,0.001207
1.9,1.4,0.00071,0.000025,0.000684
1.9,1.5,0.000086,0.000263,0.000177
1.9,1.6,0.000842,0.000536,0.000306
1.9,1.7,0.001538,0.000785,0.000753
1.9,1.8,0.002161,0.001006,0.001155
1.9,1.9,0.002697,0.001193,0.001504
1.9,2,0.003141,0.001344,0.001797
1.9,2.1,0.003488,0.001459,0.00203
1.9,2.2,0.003739,0.001537,0.002202
1.9,2.3,0.003897,0.001579,0.002318
1.9,2.4,0.003968,0.001592,0.002377
1.9,2.5,0.003961,0.001575,0.002385
1.9,2.6,0.003886,0.001535,0.002351
1.9,2.7,0.003755,0.001477,0.002278
1.9,2.8,0.003579,0.001403,0.002176
1.9,2.9,0.003369,0.001319,0.00205
1.9,3,0.003135,0.001228,0.001907
1.9,3.1,0.002887,0.001132,0.001755
1.9,3.2,0.002633,0.001037,0.001597
1.9,3.3,0.002381,0.000941,0.001441
1.9,3.4,0.002137,0.000849,0.001288
1.9,3.5,0.001903,0.000761,0.001142
1.9,3.6,0.001682,0.000679,0.001004
1.9,3.7,0.001477,0.000599,0.000878
1.9,3.8,0.001289,0.000527,0.000762
1.9,3.9,0.001118,0.000463,0.000655
1.9,4,0.000964,0.000401,0.000562
2,0,0.003041,0.000741,0.0023
2,0.1,0.003038,0.000738,0.002301
2,0.2,0.003028,0.00073,0.002298
2,0.3,0.002999,0.000714,0.002285
2,0.4,0.00294,0.000687,0.002254
2,0.5,0.002839,0.000645,0.002194
2,0.6,0.002688,0.000591,0.002096
2,0.7,0.002478,0.00052,0.001957
2,0.8,0.002206,0.000434,0.001772
2,0.9,0.001873,0.000326,0.001547
2,1,0.001484,0.0002,0.001284
2,1.1,0.001049,0.000058,0.00099
2,1.2,0.000583,0.000094,0.000677
2,1.3,0.000103,0.00025,0.000352
2,1.4,0.000375,0.000408,0.000033
2,1.5,0.000837,0.000558,0.000279
2,1.6,0.001268,0.0007,0.000568
2,1.7,0.001654,0.000823,0.000832
2,1.8,0.001987,0.000925,0.001061
2,1.9,0.002258,0.001006,0.001252
2,2,0.002466,0.001062,0.001404
2,2.1,0.002609,0.001096,0.001513
2,2.2,0.00269,0.001106,0.001584
2,2.3,0.002714,0.001096,0.001618
2,2.4,0.002687,0.001069,0.001618
2,2.5,0.002616,0.001027,0.001589
2,2.6,0.00251,0.000975,0.001535
2,2.7,0.002378,0.000915,0.001462
2,2.8,0.002226,0.00085,0.001376
2,2.9,0.002061,0.000783,0.001279
2,3,0.00189,0.000713,0.001177
2,3.1,0.001718,0.000647,0.001071
2,3.2,0.00155,0.000582,0.000968
2,3.3,0.00139,0.000524,0.000867
2,3.4,0.00124,0.000466,0.000774
2,3.5,0.001099,0.000416,0.000683
2,3.6,0.000971,0.000369,0.000602
2,3.7,0.000853,0.000325,0.000529
2,3.8,0.000747,0.000288,0.000459
2,3.9,0.000652,0.000252,0.0004
2,4,0.000566,0.000222,0.000344
2.1,0,0.001974,0.000998,0.000976
2.1,0.1,0.001942,0.000995,0.000947
2.1,0.2,0.001854,0.000979,0.000874
2.1,0.3,0.001722,0.000958,0.000764
2.1,0.4,0.001566,0.000928,0.000638
2.1,0.5,0.001406,0.000898,0.000508
2.1,0.6,0.00126,0.000864,0.000396
2.1,0.7,0.001142,0.000836,0.000307
2.1,0.8,0.001064,0.000809,0.000255
2.1,0.9,0.001034,0.000794,0.00024
2.1,1,0.001052,0.000787,0.000264
2.1,1.1,0.00111,0.000788,0.000322
2.1,1.2,0.0012,0.000798,0.000402
2.1,1.3,0.001309,0.000811,0.000498
2.1,1.4,0.001424,0.000822,0.000602
2.1,1.5,0.001534,0.000832,0.000702
2.1,1.6,0.001629,0.000837,0.000793
2.1,1.7,0.001699,0.000831,0.000868
2.1,1.8,0.001739,0.000816,0.000923
2.1,1.9,0.001746,0.000788,0.000958
2.1,2,0.001721,0.000752,0.000968
2.1,2.1,0.001664,0.000706,0.000958
2.1,2.2,0.001579,0.000649,0.00093
2.1,2.3,0.001473,0.000589,0.000884
2.1,2.4,0.00135,0.000524,0.000826
2.1,2.5,0.001217,0.000459,0.000759
2.1,2.6,0.00108,0.000392,0.000688
2.1,2.7,0.000943,0.00033,0.000614
2.1,2.8,0.000812,0.000271,0.000541
2.1,2.9,0.00069,0.000219,0.000471
2.1,3,0.000579,0.000173,0.000406
2.1,3.1,0.000481,0.000133,0.000348
2.1,3.2,0.000398,0.000101,0.000297
2.1,3.3,0.000328,0.000077,0.000251
2.1,3.4,0.000272,0.000057,0.000215
2.1,3.5,0.000227,0.000043,0.000184
2.1,3.6,0.000192,0.000034,0.000158
2.1,3.7,0.000165,0.000028,0.000137
2.1,3.8,0.000145,0.000023,0.000121
2.1,3.9,0.000129,0.000023,0.000106
2.1,4,0.000116,0.000021,0.000095
2.2,0,0.007109,0.002718,0.00439
2.2,0.1,0.00704,0.002705,0.004335
2.2,0.2,0.006841,0.002668,0.004173
2.2,0.3,0.006532,0.002604,0.003928
2.2,0.4,0.006137,0.002515,0.003623
2.2,0.5,0.005689,0.002409,0.00328
2.2,0.6,0.005215,0.002287,0.002928
2.2,0.7,0.00474,0.002153,0.002587
2.2,0.8,0.004285,0.002012,0.002273
2.2,0.9,0.003867,0.00187,0.001998
2.2,1,0.003495,0.001727,0.001767
2.2,1.1,0.003165,0.00159,0.001575
2.2,1.2,0.002872,0.001455,0.001416
2.2,1.3,0.002608,0.001324,0.001284
2.2,1.4,0.002365,0.001196,0.001169
2.2,1.5,0.002134,0.001067,0.001066
2.2,1.6,0.001906,0.000941,0.000966
2.2,1.7,0.001676,0.000813,0.000864
2.2,1.8,0.001443,0.000686,0.000757
2.2,1.9,0.001205,0.000559,0.000646
2.2,2,0.000964,0.000433,0.000531
2.2,2.1,0.000724,0.000313,0.000411
2.2,2.2,0.000488,0.000198,0.00029
2.2,2.3,0.000261,0.000089,0.000173
2.2,2.4,0.00005,0.000011,0.000061
2.2,2.5,0.000142,0.000098,0.000043
2.2,2.6,0.000311,0.000175,0.000135
2.2,2.7,0.000453,0.000242,0.000212
2.2,2.8,0.000568,0.000294,0.000274
2.2,2.9,0.000653,0.000333,0.00032
2.2,3,0.000711,0.000358,0.000353
2.2,3.1,0.000742,0.000372,0.00037
2.2,3.2,0.000748,0.000375,0.000374
2.2,3.3,0.000734,0.000368,0.000365
2.2,3.4,0.000702,0.000352,0.00035
2.2,3.5,0.000656,0.00033,0.000326
2.2,3.6,0.000602,0.000304,0.000298
2.2,3.7,0.000541,0.000276,0.000266
2.2,3.8,0.000478,0.000244,0.000234
2.2,3.9,0.000416,0.000214,0.000202
2.2,4,0.000356,0.000186,0.00017
2.3,0,0.011945,0.004293,0.007652
2.3,0.1,0.011838,0.004273,0.007565
2.3,0.2,0.011528,0.00421,0.007318
2.3,0.3,0.011037,0.004103,0.006935
2.3,0.4,0.010404,0.00396,0.006444
2.3,0.5,0.009667,0.003784,0.005883
2.3,0.6,0.008866,0.003579,0.005287
2.3,0.7,0.008037,0.003347,0.00469
2.3,0.8,0.007213,0.003097,0.004116
2.3,0.9,0.00642,0.002835,0.003584
2.3,1,0.005672,0.002568,0.003105
2.3,1.1,0.004974,0.002298,0.002676
2.3,1.2,0.004322,0.002031,0.002291
2.3,1.3,0.003713,0.001766,0.001947
2.3,1.4,0.003142,0.001507,0.001635
2.3,1.5,0.002602,0.001252,0.00135
2.3,1.6,0.002088,0.001008,0.00108
2.3,1.7,0.001596,0.000769,0.000827
2.3,1.8,0.001125,0.000543,0.000582
2.3,1.9,0.000677,0.00033,0.000347
2.3,2,0.000252,0.000127,0.000125
2.3,2.1,0.000146,0.000058,0.000088
2.3,2.2,0.000512,0.000225,0.000287
2.3,2.3,0.000842,0.000375,0.000467
2.3,2.4,0.001131,0.000504,0.000627
2.3,2.5,0.001376,0.000613,0.000763
2.3,2.6,0.001575,0.000701,0.000874
2.3,2.7,0.001727,0.000769,0.000958
2.3,2.8,0.00183,0.000814,0.001016
2.3,2.9,0.001887,0.000842,0.001045
2.3,3,0.001902,0.000851,0.00105
2.3,3.1,0.001877,0.000842,0.001035
2.3,3.2,0.001818,0.000821,0.000998
2.3,3.3,0.001731,0.000783,0.000948
2.3,3.4,0.001621,0.000739,0.000883
2.3,3.5,0.001496,0.000685,0.000811
2.3,3.6,0.001361,0.000626,0.000735
2.3,3.7,0.001222,0.000564,0.000658
2.3,3.8,0.001083,0.000504,0.00058
2.3,3.9,0.000948,0.000443,0.000506
2.3,4,0.000821,0.000385,0.000436
2.4,0,0.016124,0.00563,0.010494
2.4,0.1,0.015982,0.005602,0.01038
2.4,0.2,0.015568,0.005519,0.01005
2.4,0.3,0.01491,0.005373,0.009537
2.4,0.4,0.014056,0.005182,0.008874
2.4,0.5,0.013056,0.004944,0.008112
2.4,0.6,0.011958,0.004662,0.007296
2.4,0.7,0.01081,0.004347,0.006463
2.4,0.8,0.009653,0.004,0.005654
2.4,0.9,0.008525,0.003636,0.004889
2.4,1,0.007447,0.003258,0.004189
2.4,1.1,0.006427,0.002877,0.00355
2.4,1.2,0.005466,0.002494,0.002972
2.4,1.3,0.004564,0.002114,0.002449
2.4,1.4,0.003716,0.001743,0.001973
2.4,1.5,0.002921,0.001383,0.001538
2.4,1.6,0.002174,0.001037,0.001136
2.4,1.7,0.001471,0.000709,0.000762
2.4,1.8,0.000813,0.0004,0.000413
2.4,1.9,0.000198,0.000114,0.000085
2.4,2,0.00037,0.000146,0.000224
2.4,2.1,0.000891,0.000383,0.000508
2.4,2.2,0.001359,0.000594,0.000765
2.4,2.3,0.001772,0.000777,0.000995
2.4,2.4,0.002125,0.00093,0.001195
2.4,2.5,0.002416,0.001056,0.00136
2.4,2.6,0.002642,0.001151,0.001491
2.4,2.7,0.002804,0.001221,0.001584
2.4,2.8,0.002903,0.001264,0.001639
2.4,2.9,0.002942,0.001281,0.001661
2.4,3,0.002926,0.001277,0.001648
2.4,3.1,0.002861,0.001252,0.001609
2.4,3.2,0.002752,0.001209,0.001543
2.4,3.3,0.002608,0.001149,0.001459
2.4,3.4,0.002436,0.001078,0.001359
2.4,3.5,0.002246,0.000997,0.001249
2.4,3.6,0.002045,0.000911,0.001134
2.4,3.7,0.001839,0.000824,0.001015
2.4,3.8,0.001636,0.000737,0.000899
2.4,3.9,0.001439,0.00065,0.000789
2.4,4,0.001252,0.000569,0.000684
2.5,0,0.019365,0.006665,0.0127
2.5,0.1,0.019194,0.00663,0.012564
2.5,0.2,0.018692,0.006522,0.01217
2.5,0.3,0.017897,0.006353,0.011544
2.5,0.4,0.01686,0.006122,0.010739
2.5,0.5,0.015642,0.005832,0.009809
2.5,0.6,0.014299,0.00549,0.008809
2.5,0.7,0.012888,0.005103,0.007785
2.5,0.8,0.011461,0.004679,0.006782
2.5,0.9,0.010062,0.004231,0.005831
2.5,1,0.008718,0.003767,0.004952
2.5,1.1,0.007444,0.003293,0.004152
2.5,1.2,0.006244,0.00282,0.003424
2.5,1.3,0.005118,0.00235,0.002767
2.5,1.4,0.004065,0.001893,0.002172
2.5,1.5,0.003083,0.001449,0.001634
2.5,1.6,0.002168,0.001029,0.001139
2.5,1.7,0.001317,0.000634,0.000683
2.5,1.8,0.000528,0.000265,0.000263
2.5,1.9,0.000201,0.000071,0.000129
2.5,2,0.000868,0.000378,0.00049
2.5,2.1,0.001473,0.000651,0.000821
2.5,2.2,0.002012,0.000889,0.001123
2.5,2.3,0.002483,0.001095,0.001388
2.5,2.4,0.002882,0.001265,0.001617
2.5,2.5,0.003207,0.001402,0.001805
2.5,2.6,0.003458,0.001505,0.001953
2.5,2.7,0.003633,0.001576,0.002057
2.5,2.8,0.003734,0.001617,0.002117
2.5,2.9,0.003765,0.00163,0.002135
2.5,3,0.003733,0.001619,0.002114
2.5,3.1,0.003643,0.001582,0.002061
2.5,3.2,0.003503,0.001522,0.001981
2.5,3.3,0.00332,0.001447,0.001873
2.5,3.4,0.003105,0.001356,0.001749
2.5,3.5,0.002868,0.001257,0.001611
2.5,3.6,0.002617,0.001151,0.001467
2.5,3.7,0.002361,0.001042,0.001319
2.5,3.8,0.002107,0.000932,0.001175
2.5,3.9,0.001861,0.000826,0.001035
2.5,4,0.001627,0.000724,0.000903
2.6,0,0.021482,0.007355,0.014127
2.6,0.1,0.02129,0.007316,0.013973
2.6,0.2,0.020725,0.007192,0.013533
2.6,0.3,0.01983,0.007001,0.012829
2.6,0.4,0.018661,0.006739,0.011922
2.6,0.5,0.017284,0.006411,0.010872
2.6,0.6,0.015764,0.006023,0.00974
2.6,0.7,0.014164,0.005585,0.00858
2.6,0.8,0.012544,0.005104,0.00744
2.6,0.9,0.010955,0.004595,0.00636
2.6,1,0.009428,0.004065,0.005363
2.6,1.1,0.007981,0.003529,0.004452
2.6,1.2,0.006623,0.002992,0.003631
2.6,1.3,0.005355,0.002462,0.002893
2.6,1.4,0.004178,0.001946,0.002232
2.6,1.5,0.003087,0.001454,0.001633
2.6,1.6,0.002077,0.000986,0.001091
2.6,1.7,0.001145,0.00055,0.000595
2.6,1.8,0.000286,0.000145,0.000141
2.6,1.9,0.000502,0.000223,0.000279
2.6,2,0.001219,0.000553,0.000666
2.6,2.1,0.001866,0.000846,0.001021
2.6,2.2,0.002443,0.001099,0.001344
2.6,2.3,0.002945,0.001315,0.00163
2.6,2.4,0.003371,0.001493,0.001877
2.6,2.5,0.003719,0.001637,0.002082
2.6,2.6,0.003988,0.001746,0.002242
2.6,2.7,0.004176,0.001819,0.002357
2.6,2.8,0.004287,0.001859,0.002427
2.6,2.9,0.004322,0.00187,0.002451
2.6,3,0.004288,0.001855,0.002433
2.6,3.1,0.00419,0.001814,0.002376
2.6,3.2,0.004037,0.001748,0.002289
2.6,3.3,0.003836,0.001663,0.002173
2.6,3.4,0.003598,0.001561,0.002037
2.6,3.5,0.003334,0.001451,0.001883
2.6,3.6,0.003053,0.001331,0.001722
2.6,3.7,0.002764,0.001209,0.001556
2.6,3.8,0.002476,0.001085,0.001391
2.6,3.9,0.002196,0.000965,0.001231
2.6,4,0.001928,0.000849,0.001079
2.7,0,0.022392,0.007683,0.014709
2.7,0.1,0.022188,0.007641,0.014547
2.7,0.2,0.021587,0.007508,0.014079
2.7,0.3,0.020634,0.0073,0.013334
2.7,0.4,0.019387,0.007018,0.012369
2.7,0.5,0.017917,0.006663,0.011254
2.7,0.6,0.016296,0.006245,0.010052
2.7,0.7,0.014592,0.005773,0.008819
2.7,0.8,0.012868,0.005257,0.007611
2.7,0.9,0.011177,0.00471,0.006468
2.7,1,0.009558,0.004145,0.005413
2.7,1.1,0.008029,0.003573,0.004457
2.7,1.2,0.006601,0.003003,0.003598
2.7,1.3,0.005278,0.002443,0.002835
2.7,1.4,0.004059,0.001904,0.002155
2.7,1.5,0.002938,0.001391,0.001547
2.7,1.6,0.001908,0.000907,0.001
2.7,1.7,0.000962,0.000458,0.000504
2.7,1.8,0.000096,0.000046,0.00005
2.7,1.9,0.000694,0.000326,0.000368
2.7,2,0.001413,0.00066,0.000753
2.7,2.1,0.002062,0.000954,0.001107
2.7,2.2,0.00264,0.001208,0.001432
2.7,2.3,0.003147,0.001425,0.001722
2.7,2.4,0.00358,0.001604,0.001976
2.7,2.5,0.003938,0.001748,0.00219
2.7,2.6,0.004219,0.001859,0.00236
2.7,2.7,0.004422,0.001936,0.002486
2.7,2.8,0.004546,0.001981,0.002565
2.7,2.9,0.004596,0.001997,0.002599
2.7,3,0.004573,0.001981,0.002593
2.7,3.1,0.004484,0.00194,0.002544
2.7,3.2,0.004336,0.001874,0.002462
2.7,3.3,0.004136,0.001789,0.002348
2.7,3.4,0.003896,0.001687,0.002209
2.7,3.5,0.003626,0.001572,0.002054
2.7,3.6,0.003335,0.001448,0.001887
2.7,3.7,0.003033,0.00132,0.001713
2.7,3.8,0.002729,0.001189,0.00154
2.7,3.9,0.00243,0.001062,0.001369
2.7,4,0.002143,0.000939,0.001204
2.8,0,0.022106,0.007641,0.014464
2.8,0.1,0.021897,0.007596,0.014301
2.8,0.2,0.021287,0.007464,0.013823
2.8,0.3,0.020317,0.007248,0.013069
2.8,0.4,0.019049,0.00695,0.012099
2.8,0.5,0.017555,0.006583,0.010972
2.8,0.6,0.015911,0.006149,0.009761
2.8,0.7,0.014186,0.00566,0.008526
2.8,0.8,0.012447,0.005129,0.007318
2.8,0.9,0.010748,0.004571,0.006177
2.8,1,0.009127,0.003997,0.005131
2.8,1.1,0.007607,0.00342,0.004187
2.8,1.2,0.006199,0.002848,0.00335
2.8,1.3,0.004904,0.002294,0.00261
2.8,1.4,0.003722,0.001763,0.00196
2.8,1.5,0.002646,0.001261,0.001385
2.8,1.6,0.001666,0.000795,0.000871
2.8,1.7,0.000774,0.000364,0.00041
2.8,1.8,0.000039,0.000028,0.000011
2.8,1.9,0.000779,0.00038,0.000398
2.8,2,0.001452,0.000694,0.000758
2.8,2.1,0.002061,0.000971,0.00109
2.8,2.2,0.002609,0.001212,0.001397
2.8,2.3,0.003094,0.001419,0.001675
2.8,2.4,0.003515,0.001591,0.001924
2.8,2.5,0.00387,0.001734,0.002136
2.8,2.6,0.004157,0.001843,0.002314
2.8,2.7,0.004372,0.001923,0.002449
2.8,2.8,0.004515,0.001974,0.002541
2.8,2.9,0.004587,0.001998,0.002589
2.8,3,0.004588,0.001991,0.002597
2.8,3.1,0.004523,0.001958,0.002564
2.8,3.2,0.004397,0.0019,0.002497
2.8,3.3,0.004218,0.001822,0.002396
2.8,3.4,0.003995,0.001727,0.002267
2.8,3.5,0.003738,0.001618,0.00212
2.8,3.6,0.003456,0.001498,0.001958
2.8,3.7,0.00316,0.001372,0.001788
2.8,3.8,0.002858,0.001243,0.001615
2.8,3.9,0.002558,0.001113,0.001445
2.8,4,0.002268,0.00099,0.001279
2.9,0,0.020721,0.00726,0.013461
2.9,0.1,0.020517,0.007214,0.013304
2.9,0.2,0.019921,0.007079,0.012842
2.9,0.3,0.018973,0.006858,0.012115
2.9,0.4,0.017735,0.006556,0.011178
2.9,0.5,0.01628,0.006184,0.010096
2.9,0.6,0.014683,0.005748,0.008935
2.9,0.7,0.013017,0.00526,0.007757
2.9,0.8,0.011345,0.004735,0.00661
2.9,0.9,0.009723,0.004187,0.005536
2.9,1,0.008188,0.003632,0.004556
2.9,1.1,0.006761,0.003077,0.003685
2.9,1.2,0.005453,0.002536,0.002917
2.9,1.3,0.004266,0.002017,0.00225
2.9,1.4,0.003195,0.001528,0.001667
2.9,1.5,0.002232,0.001072,0.001161
2.9,1.6,0.001367,0.000652,0.000715
2.9,1.7,0.000587,0.000271,0.000316
2.9,1.8,0.000118,0.000072,0.000046
2.9,1.9,0.00076,0.000381,0.000379
2.9,2,0.001344,0.000655,0.00069
2.9,2.1,0.001878,0.000896,0.000982
2.9,2.2,0.002365,0.00111,0.001255
2.9,2.3,0.002804,0.001297,0.001507
2.9,2.4,0.003195,0.001456,0.001739
2.9,2.5,0.003535,0.001591,0.001945
2.9,2.6,0.003821,0.001701,0.00212
2.9,2.7,0.004047,0.001785,0.002262
2.9,2.8,0.004212,0.001846,0.002366
2.9,2.9,0.004312,0.001878,0.002434
2.9,3,0.004346,0.001885,0.002461
2.9,3.1,0.004318,0.001868,0.00245
2.9,3.2,0.00423,0.001827,0.002402
2.9,3.3,0.004088,0.001765,0.002323
2.9,3.4,0.0039,0.001683,0.002216
2.9,3.5,0.003674,0.001588,0.002086
2.9,3.6,0.00342,0.00148,0.00194
2.9,3.7,0.003147,0.001362,0.001785
2.9,3.8,0.002864,0.001241,0.001623
2.9,3.9,0.00258,0.001121,0.001459
2.9,4,0.0023,0.001001,0.001299
3,0,0.018403,0.006567,0.011836
3,0.1,0.018211,0.006521,0.01169
3,0.2,0.01765,0.006387,0.011262
3,0.3,0.016757,0.006166,0.010591
3,0.4,0.015593,0.005866,0.009727
3,0.5,0.01423,0.005496,0.008734
3,0.6,0.012742,0.005069,0.007673
3,0.7,0.0112,0.004599,0.006602
3,0.8,0.009667,0.004096,0.005571
3,0.9,0.008194,0.003581,0.004613
3,1,0.006818,0.003065,0.003753
3,1.1,0.005557,0.00256,0.002997
3,1.2,0.004421,0.002079,0.002342
3,1.3,0.003408,0.001625,0.001783
3,1.4,0.002511,0.001208,0.001303
3,1.5,0.001721,0.000827,0.000894
3,1.6,0.001025,0.000487,0.000538
3,1.7,0.000407,0.000182,0.000225
3,1.8,0.000146,0.000089,0.000057
3,1.9,0.000647,0.000329,0.000318
3,2,0.001108,0.000543,0.000564
3,2.1,0.001535,0.000736,0.000799
3,2.2,0.001934,0.000908,0.001026
3,2.3,0.002306,0.001063,0.001243
3,2.4,0.002651,0.001206,0.001445
3,2.5,0.002965,0.001328,0.001637
3,2.6,0.003243,0.001438,0.001805
3,2.7,0.003479,0.00153,0.001949
3,2.8,0.003665,0.001599,0.002066
3,2.9,0.003798,0.001649,0.002149
3,3,0.003875,0.001676,0.002199
3,3.1,0.003894,0.00168,0.002214
3,3.2,0.003856,0.001662,0.002194
3,3.3,0.003765,0.001621,0.002144
3,3.4,0.003627,0.001563,0.002064
3,3.5,0.003448,0.001486,0.001962
3,3.6,0.003238,0.001397,0.001841
3,3.7,0.003003,0.001298,0.001705
3,3.8,0.002755,0.001193,0.001563
3,3.9,0.002499,0.001084,0.001415
3,4,0.002244,0.000976,0.001268
3.1,0,0.015369,0.005609,0.00976
3.1,0.1,0.015194,0.005565,0.009628
3.1,0.2,0.014681,0.005431,0.00925
3.1,0.3,0.013868,0.005216,0.008652
3.1,0.4,0.012812,0.004924,0.007888
3.1,0.5,0.011583,0.004566,0.007017
3.1,0.6,0.010252,0.004161,0.006091
3.1,0.7,0.008886,0.003717,0.00517
3.1,0.8,0.007547,0.003254,0.004292
3.1,0.9,0.00628,0.002787,0.003493
3.1,1,0.005118,0.002331,0.002787
3.1,1.1,0.004079,0.001899,0.00218
3.1,1.2,0.003168,0.0015,0.001668
3.1,1.3,0.002382,0.00114,0.001242
3.1,1.4,0.00171,0.000821,0.00089
3.1,1.5,0.00114,0.000544,0.000596
3.1,1.6,0.000656,0.000304,0.000352
3.1,1.7,0.00024,0.000101,0.000139
3.1,1.8,0.000125,0.000075,0.00005
3.1,1.9,0.000454,0.000229,0.000225
3.1,2,0.000761,0.000368,0.000394
3.1,2.1,0.001057,0.000496,0.000561
3.1,2.2,0.001347,0.000619,0.000729
3.1,2.3,0.001636,0.000737,0.000899
3.1,2.4,0.001921,0.000854,0.001067
3.1,2.5,0.0022,0.000966,0.001233
3.1,2.6,0.002464,0.001074,0.00139
3.1,2.7,0.002705,0.00117,0.001534
3.1,2.8,0.002914,0.001253,0.001661
3.1,2.9,0.003084,0.001323,0.001762
3.1,3,0.003209,0.001373,0.001836
3.1,3.1,0.003284,0.001405,0.001879
3.1,3.2,0.003306,0.001415,0.001892
3.1,3.3,0.003277,0.001403,0.001874
3.1,3.4,0.003201,0.001373,0.001828
3.1,3.5,0.003082,0.001323,0.001759
3.1,3.6,0.002927,0.001258,0.001669
3.1,3.7,0.002745,0.001185,0.00156
3.1,3.8,0.002543,0.001099,0.001444
3.1,3.9,0.002328,0.001009,0.001319
3.1,4,0.002108,0.000915,0.001193
3.2,0,0.011854,0.004445,0.007409
3.2,0.1,0.011698,0.004402,0.007297
3.2,0.2,0.011245,0.004272,0.006972
3.2,0.3,0.010528,0.004065,0.006464
3.2,0.4,0.009605,0.00379,0.005815
3.2,0.5,0.008538,0.003454,0.005084
3.2,0.6,0.007397,0.003076,0.004321
3.2,0.7,0.006244,0.002673,0.003571
3.2,0.8,0.005133,0.002259,0.002874
3.2,0.9,0.00411,0.001856,0.002255
3.2,1,0.003202,0.001479,0.001722
3.2,1.1,0.002421,0.001136,0.001285
3.2,1.2,0.001772,0.000839,0.000933
3.2,1.3,0.001248,0.000591,0.000657
3.2,1.4,0.000835,0.000391,0.000444
3.2,1.5,0.000517,0.000235,0.000283
3.2,1.6,0.000276,0.000117,0.000158
3.2,1.7,0.000089,0.000031,0.000059
3.2,1.8,0.000061,0.000035,0.000026
3.2,1.9,0.000195,0.000088,0.000107
3.2,2,0.000329,0.000139,0.000189
3.2,2.1,0.000475,0.000196,0.000278
3.2,2.2,0.000642,0.00026,0.000382
3.2,2.3,0.000834,0.000338,0.000496
3.2,2.4,0.00105,0.000426,0.000624
3.2,2.5,0.001285,0.000523,0.000762
3.2,2.6,0.00153,0.000624,0.000905
3.2,2.7,0.001774,0.000729,0.001045
3.2,2.8,0.002006,0.000828,0.001179
3.2,2.9,0.002216,0.000918,0.001298
3.2,3,0.002392,0.000996,0.001396
3.2,3.1,0.002528,0.001057,0.001471
3.2,3.2,0.002617,0.001101,0.001516
3.2,3.3,0.002658,0.001121,0.001537
3.2,3.4,0.002652,0.001124,0.001529
3.2,3.5,0.002602,0.001108,0.001494
3.2,3.6,0.002514,0.001074,0.001439
3.2,3.7,0.002392,0.001026,0.001366
3.2,3.8,0.002245,0.000966,0.001279
3.2,3.9,0.00208,0.0009,0.001181
3.2,4,0.001904,0.000826,0.001078
3.3,0,0.008091,0.003142,0.004949
3.3,0.1,0.007957,0.003101,0.004857
3.3,0.2,0.007569,0.002978,0.004591
3.3,0.3,0.006959,0.002783,0.004176
3.3,0.4,0.006181,0.002524,0.003656
3.3,0.5,0.005292,0.002217,0.003076
3.3,0.6,0.004358,0.001877,0.002481
3.3,0.7,0.003437,0.001523,0.001914
3.3,0.8,0.002577,0.001174,0.001403
3.3,0.9,0.001818,0.000848,0.000969
3.3,1,0.001181,0.000561,0.00062
3.3,1.1,0.000679,0.000322,0.000357
3.3,1.2,0.00031,0.000138,0.000172
3.3,1.3,0.000067,0.000014,0.000053
3.3,1.4,0.000069,0.000058,0.000012
3.3,1.5,0.000117,0.000081,0.000036
3.3,1.6,0.000099,0.000065,0.000034
3.3,1.7,0.000039,0.000023,0.000016
3.3,1.8,0.000039,0.00003,0.00001
3.3,1.9,0.000115,0.000083,0.000032
3.3,2,0.000167,0.000125,0.000042
3.3,2.1,0.000181,0.000147,0.000034
3.3,2.2,0.000147,0.000143,0.000004
3.3,2.3,0.000059,0.000112,0.000053
3.3,2.4,0.000081,0.000057,0.000138
3.3,2.5,0.000268,0.000024,0.000244
3.3,2.6,0.00049,0.000122,0.000368
3.3,2.7,0.000736,0.000231,0.000505
3.3,2.8,0.000991,0.000347,0.000644
3.3,2.9,0.00124,0.000461,0.000779
3.3,3,0.00147,0.000566,0.000904
3.3,3.1,0.001669,0.00066,0.001009
3.3,3.2,0.001829,0.000738,0.001091
3.3,3.3,0.001945,0.000796,0.001149
3.3,3.4,0.002014,0.000834,0.00118
3.3,3.5,0.002038,0.000852,0.001186
3.3,3.6,0.002021,0.000852,0.001169
3.3,3.7,0.001967,0.000836,0.001131
3.3,3.8,0.001882,0.000805,0.001077
3.3,3.9,0.001773,0.000763,0.001011
3.3,4,0.001647,0.000713,0.000935
3.4,0,0.004297,0.001769,0.002528
3.4,0.1,0.004187,0.001731,0.002456
3.4,0.2,0.003867,0.001618,0.002249
3.4,0.3,0.003368,0.001437,0.001931
3.4,0.4,0.002739,0.001205,0.001535
3.4,0.5,0.002034,0.000929,0.001105
3.4,0.6,0.00131,0.000636,0.000674
3.4,0.7,0.000622,0.000339,0.000284
3.4,0.8,0.000014,0.000062,0.000047
3.4,0.9,0.00048,0.00018,0.0003
3.4,1,0.000841,0.00037,0.000471
3.4,1.1,0.001062,0.000498,0.000564
3.4,1.2,0.001146,0.000562,0.000584
3.4,1.3,0.001105,0.000558,0.000547
3.4,1.4,0.000959,0.000494,0.000464
3.4,1.5,0.000732,0.000379,0.000353
3.4,1.6,0.00045,0.00023,0.00022
3.4,1.7,0.00014,0.000061,0.000079
3.4,1.8,0.000171,0.000113,0.000057
3.4,1.9,0.000458,0.000274,0.000184
3.4,2,0.0007,0.00041,0.00029
3.4,2.1,0.000878,0.00051,0.000368
3.4,2.2,0.000979,0.000571,0.000408
3.4,2.3,0.000999,0.000586,0.000413
3.4,2.4,0.000938,0.000562,0.000376
3.4,2.5,0.000802,0.0005,0.000302
3.4,2.6,0.000603,0.000409,0.000194
3.4,2.7,0.000357,0.000293,0.000064
3.4,2.8,0.000081,0.000162,0.000081
3.4,2.9,0.000206,0.000027,0.000234
3.4,3,0.000489,0.000107,0.000382
3.4,3.1,0.000752,0.000234,0.000518
3.4,3.2,0.000982,0.000347,0.000635
3.4,3.3,0.001173,0.00044,0.000733
3.4,3.4,0.00132,0.000516,0.000804
3.4,3.5,0.001421,0.000571,0.00085
3.4,3.6,0.001477,0.000606,0.000871
3.4,3.7,0.001493,0.000621,0.000872
3.4,3.8,0.001474,0.00062,0.000853
3.4,3.9,0.001425,0.000605,0.000819
3.4,4,0.001352,0.00058,0.000772
3.5,0,0.000663,0.0004,0.000263
3.5,0.1,0.000575,0.000366,0.000209
3.5,0.2,0.000321,0.000264,0.000056
3.5,0.3,0.000069,0.000104,0.000173
3.5,0.4,0.000552,0.000099,0.000453
3.5,0.5,0.00108,0.000333,0.000747
3.5,0.6,0.001601,0.000578,0.001023
3.5,0.7,0.002065,0.00081,0.001255
3.5,0.8,0.002431,0.001012,0.001419
3.5,0.9,0.00267,0.001164,0.001506
3.5,1,0.002767,0.001254,0.001513
3.5,1.1,0.002717,0.001274,0.001443
3.5,1.2,0.002526,0.001215,0.00131
3.5,1.3,0.00221,0.001086,0.001124
3.5,1.4,0.001791,0.000892,0.000899
3.5,1.5,0.001299,0.000647,0.000652
3.5,1.6,0.000761,0.000368,0.000393
3.5,1.7,0.00021,0.000077,0.000133
3.5,1.8,0.000327,0.00021,0.000117
3.5,1.9,0.00082,0.000474,0.000346
3.5,2,0.001245,0.000698,0.000547
3.5,2.1,0.001583,0.000873,0.000709
3.5,2.2,0.001818,0.000995,0.000823
3.5,2.3,0.001943,0.001058,0.000885
3.5,2.4,0.001959,0.001065,0.000895
3.5,2.5,0.001874,0.001021,0.000853
3.5,2.6,0.0017,0.000937,0.000763
3.5,2.7,0.001456,0.000816,0.00064
3.5,2.8,0.001161,0.000674,0.000487
3.5,2.9,0.000837,0.000516,0.000321
3.5,3,0.000505,0.000356,0.000149
3.5,3.1,0.000183,0.0002,0.000018
3.5,3.2,0.000116,0.000056,0.000172
3.5,3.3,0.00038,0.000076,0.000304
3.5,3.4,0.000602,0.000187,0.000415
3.5,3.5,0.000778,0.000276,0.000502
3.5,3.6,0.000908,0.000346,0.000562
3.5,3.7,0.000994,0.000395,0.000599
3.5,3.8,0.00104,0.000425,0.000615
3.5,3.9,0.001051,0.000438,0.000614
3.5,4,0.001034,0.000435,0.000599
3.6,0,0.002656,0.000897,0.001759
3.6,0.1,0.002724,0.000926,0.001798
3.6,0.2,0.002917,0.001014,0.001903
3.6,0.3,0.003207,0.001151,0.002056
3.6,0.4,0.003557,0.001322,0.002235
3.6,0.5,0.003921,0.001512,0.00241
3.6,0.6,0.004255,0.001701,0.002553
3.6,0.7,0.004511,0.001867,0.002644
3.6,0.8,0.004655,0.00199,0.002665
3.6,0.9,0.00466,0.002056,0.002604
3.6,1,0.004513,0.002048,0.002464
3.6,1.1,0.004213,0.001961,0.002252
3.6,1.2,0.003769,0.001792,0.001977
3.6,1.3,0.003199,0.001545,0.001654
3.6,1.4,0.002531,0.001231,0.001299
3.6,1.5,0.001793,0.000869,0.000925
3.6,1.6,0.001021,0.000477,0.000544
3.6,1.7,0.000247,0.000076,0.000171
3.6,1.8,0.000498,0.000313,0.000185
3.6,1.9,0.001182,0.000668,0.000514
3.6,2,0.001778,0.000975,0.000804
3.6,2.1,0.002264,0.00122,0.001044
3.6,2.2,0.002624,0.001396,0.001228
3.6,2.3,0.002848,0.0015,0.001348
3.6,2.4,0.002938,0.00154,0.001398
3.6,2.5,0.002901,0.001514,0.001387
3.6,2.6,0.002752,0.001436,0.001316
3.6,2.7,0.002512,0.001315,0.001196
3.6,2.8,0.002203,0.001164,0.001039
3.6,2.9,0.001848,0.00099,0.000857
3.6,3,0.00147,0.000807,0.000664
3.6,3.1,0.001092,0.000623,0.000469
3.6,3.2,0.000731,0.000446,0.000285
3.6,3.3,0.000399,0.000284,0.000115
3.6,3.4,0.000107,0.000141,0.000034
3.6,3.5,0.000139,0.000016,0.000156
3.6,3.6,0.000339,0.000086,0.000253
3.6,3.7,0.000492,0.000165,0.000326
3.6,3.8,0.000601,0.000222,0.000378
3.6,3.9,0.000671,0.000264,0.000406
3.6,4,0.000707,0.000288,0.000419
3.7,0,0.005541,0.002059,0.003482
3.7,0.1,0.005591,0.002086,0.003505
3.7,0.2,0.005731,0.00216,0.00357
3.7,0.3,0.005933,0.002272,0.003661
3.7,0.4,0.006164,0.002409,0.003756
3.7,0.5,0.006385,0.002552,0.003833
3.7,0.6,0.006552,0.002683,0.003869
3.7,0.7,0.006625,0.002784,0.003841
3.7,0.8,0.006572,0.002832,0.003739
3.7,0.9,0.00637,0.002815,0.003555
3.7,1,0.006009,0.002717,0.003292
3.7,1.1,0.00549,0.002534,0.002956
3.7,1.2,0.004825,0.002267,0.002558
3.7,1.3,0.004035,0.001919,0.002116
3.7,1.4,0.003148,0.001502,0.001646
3.7,1.5,0.002198,0.001039,0.001159
3.7,1.6,0.00122,0.000549,0.000672
3.7,1.7,0.000251,0.000055,0.000196
3.7,1.8,0.000676,0.000417,0.000259
3.7,1.9,0.001527,0.000849,0.000678
3.7,2,0.002274,0.001225,0.001049
3.7,2.1,0.002892,0.001528,0.001363
3.7,2.2,0.003362,0.001752,0.001609
3.7,2.3,0.003675,0.001896,0.001779
3.7,2.4,0.003832,0.001962,0.00187
3.7,2.5,0.003841,0.001956,0.001885
3.7,2.6,0.003717,0.001887,0.00183
3.7,2.7,0.003484,0.001767,0.001717
3.7,2.8,0.003163,0.001609,0.001554
3.7,2.9,0.002782,0.001422,0.001361
3.7,3,0.002367,0.001219,0.001148
3.7,3.1,0.001942,0.001012,0.00093
3.7,3.2,0.001526,0.000811,0.000715
3.7,3.3,0.001135,0.000623,0.000512
3.7,3.4,0.000781,0.00045,0.000331
3.7,3.5,0.000471,0.000298,0.000173
3.7,3.6,0.000208,0.000167,0.000041
3.7,3.7,0.000006,0.000058,0.000064
3.7,3.8,0.000173,0.000028,0.000145
3.7,3.9,0.000298,0.000092,0.000206
3.7,4,0.000384,0.000141,0.000244
3.8,0,0.007912,0.003045,0.004867
3.8,0.1,0.007946,0.003066,0.00488
3.8,0.2,0.008039,0.003126,0.004913
3.8,0.3,0.008165,0.003213,0.004952
3.8,0.4,0.008295,0.003313,0.004982
3.8,0.5,0.008393,0.003412,0.00498
3.8,0.6,0.00842,0.00349,0.00493
3.8,0.7,0.008338,0.003528,0.00481
3.8,0.8,0.008119,0.003506,0.004613
3.8,0.9,0.007744,0.003413,0.004331
3.8,1,0.007205,0.003238,0.003968
3.8,1.1,0.006506,0.002974,0.003532
3.8,1.2,0.00566,0.002624,0.003036
3.8,1.3,0.004689,0.002193,0.002496
3.8,1.4,0.003624,0.001696,0.001928
3.8,1.5,0.0025,0.001154,0.001346
3.8,1.6,0.001355,0.000587,0.000768
3.8,1.7,0.000227,0.000023,0.000204
3.8,1.8,0.00085,0.000516,0.000334
3.8,1.9,0.00184,0.00101,0.00083
3.8,2,0.002711,0.001438,0.001274
3.8,2.1,0.003437,0.001788,0.001649
3.8,2.2,0.004,0.002052,0.001948
3.8,2.3,0.004389,0.002229,0.00216
3.8,2.4,0.004605,0.002318,0.002287
3.8,2.5,0.004655,0.00233,0.002325
3.8,2.6,0.004559,0.002274,0.002285
3.8,2.7,0.004333,0.002155,0.002178
3.8,2.8,0.004007,0.001993,0.002014
3.8,2.9,0.003609,0.001796,0.001812
3.8,3,0.003165,0.001581,0.001584
3.8,3.1,0.002702,0.00136,0.001343
3.8,3.2,0.002242,0.001138,0.001104
3.8,3.3,0.001802,0.000926,0.000876
3.8,3.4,0.001396,0.000731,0.000665
3.8,3.5,0.001032,0.000555,0.000477
3.8,3.6,0.000715,0.000399,0.000316
3.8,3.7,0.000447,0.000267,0.00018
3.8,3.8,0.000228,0.000157,0.000071
3.8,3.9,0.000055,0.00007,0.000015
3.8,4,0.000077,0.000002,0.000079
3.9,0,0.009719,0.00382,0.005898
3.9,0.1,0.009739,0.003836,0.005903
3.9,0.2,0.009792,0.003879,0.005913
3.9,0.3,0.009856,0.003941,0.005915
3.9,0.4,0.009901,0.004009,0.005892
3.9,0.5,0.009898,0.004065,0.005834
3.9,0.6,0.009813,0.004096,0.005717
3.9,0.7,0.009609,0.004079,0.00553
3.9,0.8,0.00926,0.003999,0.005261
3.9,0.9,0.008749,0.003844,0.004905
3.9,1,0.008074,0.003604,0.00447
3.9,1.1,0.007237,0.003276,0.003961
3.9,1.2,0.006253,0.002864,0.00339
3.9,1.3,0.005147,0.002371,0.002776
3.9,1.4,0.003949,0.001815,0.002134
3.9,1.5,0.002696,0.001216,0.00148
3.9,1.6,0.001426,0.000595,0.000831
3.9,1.7,0.000178,0.000018,0.000196
3.9,1.8,0.001011,0.000606,0.000406
3.9,1.9,0.002105,0.001142,0.000964
3.9,2,0.003071,0.001608,0.001462
3.9,2.1,0.00388,0.001991,0.001889
3.9,2.2,0.004514,0.002285,0.00223
3.9,2.3,0.004965,0.002486,0.002478
3.9,2.4,0.005229,0.002597,0.002632
3.9,2.5,0.005319,0.002627,0.002692
3.9,2.6,0.005245,0.002577,0.002668
3.9,2.7,0.005033,0.002465,0.002567
3.9,2.8,0.004708,0.002305,0.002404
3.9,2.9,0.004301,0.002105,0.002196
3.9,3,0.00384,0.001884,0.001956
3.9,3.1,0.003351,0.001649,0.001702
3.9,3.2,0.002859,0.001416,0.001443
3.9,3.3,0.002382,0.001187,0.001195
3.9,3.4,0.001935,0.000974,0.000961
3.9,3.5,0.001527,0.00078,0.000747
3.9,3.6,0.001166,0.000605,0.000561
3.9,3.7,0.000854,0.000453,0.000401
3.9,3.8,0.000592,0.000324,0.000268
3.9,3.9,0.000376,0.000218,0.000158
3.9,4,0.000205,0.000132,0.000073
4,0,0.01094,0.004368,0.006572
4,0.1,0.010951,0.004378,0.006573
4,0.2,0.010974,0.004409,0.006565
4,0.3,0.010989,0.004447,0.006541
4,0.4,0.010969,0.004484,0.006485
4,0.5,0.01089,0.004505,0.006384
4,0.6,0.010719,0.004495,0.006224
4,0.7,0.010424,0.004433,0.005991
4,0.8,0.009981,0.004306,0.005675
4,0.9,0.009377,0.004104,0.005272
4,1,0.008607,0.003817,0.004789
4,1.1,0.007678,0.003445,0.004233
4,1.2,0.006604,0.002989,0.003615
4,1.3,0.005409,0.002456,0.002953
4,1.4,0.004126,0.001863,0.002263
4,1.5,0.002789,0.001231,0.001559
4,1.6,0.001439,0.000578,0.000861
4,1.7,0.000114,0.000065,0.000179
4,1.8,0.001149,0.000677,0.000471
4,1.9,0.002311,0.001239,0.001072
4,2,0.003339,0.001728,0.001611
4,2.1,0.004206,0.002134,0.002072
4,2.2,0.004892,0.002447,0.002445
4,2.3,0.005387,0.002667,0.00272
4,2.4,0.005693,0.002796,0.002896
4,2.5,0.005812,0.002836,0.002976
4,2.6,0.005762,0.0028,0.002962
4,2.7,0.005565,0.002696,0.002869
4,2.8,0.005249,0.002537,0.002712
4,2.9,0.004842,0.00234,0.002502
4,3,0.004375,0.002116,0.002259
4,3.1,0.003873,0.00188,0.001993
4,3.2,0.003362,0.001638,0.001723
4,3.3,0.00286,0.001401,0.001459
4,3.4,0.002384,0.001177,0.001207
4,3.5,0.001945,0.000968,0.000978
4,3.6,0.001551,0.000781,0.000771
4,3.7,0.001205,0.000613,0.000592
4,3.8,0.000908,0.00047,0.000439
4,3.9,0.000659,0.000349,0.000311
4,4,0.000455,0.000248,0.000208
